model,pred_len,epoch,train_loss,val_loss,r2_val_sklearn
Transformer_encdec,1,1,38693.59466409683,12423.320437192917,-0.12367168050056598
Transformer_encdec,1,2,27479.38223671913,12404.929537296295,-0.12200825696692963
Transformer_encdec,1,3,26333.87321996689,12404.738362550735,-0.1219909645807864
Transformer_encdec,1,4,25161.668042063713,12394.547125339508,-0.12106918246733378
