model,pred_len,epoch,train_loss,val_loss,r2_val_sklearn
Transformer_encdec,1,1,36691.51608657837,11627.34530210495,-0.051676868696632905
Transformer_encdec,1,2,16545.359649837017,16542.65999031067,-0.496260087896119
Transformer_encdec,1,3,6693.801472455263,44349.67347240448,-3.0113649894190697
