model,pred_len,epoch,train_loss,val_loss,r2_val_sklearn
LSTM_MO,1,0,133.24100485234084,64.76984726963565,0.08785761068559006
LSTM_MO,1,1,128.91508129237744,62.22548317699693,0.12975219315222408
