model,pred_len,epoch,train_loss,val_loss,r2_val_sklearn
LSTM_MO,1,0,1377.2220790202232,384.2107350764175,0.11911301601621405
LSTM_MO,1,1,1347.7158271641651,377.95134735231596,0.13320080224548048
LSTM_MO,1,2,1336.841220166239,374.93498176584643,0.14006481759063882
